{
  "candidate": "Kent Le",
  "completed_at": "2026-02-03T03:51:59.232490",
  "submitted": 280,
  "failed": 0,
  "duration_seconds": 385.001359,
  "rate_per_minute": 43.63620960621077
}